linea_id,pedido_id,producto_id,cantidad,precio_unitario
1,1,28,4,292.67
2,2,37,1,10.95
3,2,48,5,24.38
4,2,29,5,14.06
5,2,10,2,63.74
6,3,13,5,10.39
7,3,40,3,24.23
8,3,10,1,63.74
9,4,7,3,355.41
10,4,49,4,33.36
11,4,12,3,101.23
12,4,5,5,1126.5
13,5,43,2,47.56
14,5,30,5,69.44
15,5,7,5,355.41
16,5,20,3,28.87
17,5,29,4,14.06
18,5,18,5,43.97
19,6,50,5,207.18
20,6,41,3,17.26
21,6,39,4,15.98
22,6,24,4,271.7
23,6,8,4,32.4
24,7,14,2,24.39
25,7,16,1,227.4
26,7,23,3,106.31
27,7,43,5,47.56
28,7,31,5,70.75
29,7,28,3,292.67
30,8,45,2,57.86
31,8,50,1,207.18
32,9,22,4,140.34
33,10,38,4,52.22
34,10,24,4,271.7
35,10,45,4,57.86
36,10,43,2,47.56
37,10,48,2,24.38
38,10,21,1,239.27
39,11,38,5,52.22
40,11,46,4,64.75
41,12,29,4,14.06
42,13,44,3,145.3
43,13,5,4,1126.5
44,13,21,5,239.27
45,13,47,5,55.02
46,13,1,4,1018.4
47,14,48,4,24.38
48,14,22,3,140.34
49,14,15,2,77.21
50,14,31,3,70.75
51,15,36,4,13.76
52,15,38,1,52.22
53,15,42,3,15.62
54,16,4,1,433.48
55,16,35,2,65.24
56,16,26,2,48.78
57,16,37,2,10.95
58,16,21,4,239.27
59,17,45,4,57.86
60,17,17,3,230.95
61,17,22,5,140.34
62,17,43,4,47.56
63,18,44,5,145.3
64,18,17,1,230.95
65,18,27,5,176.77
66,18,31,4,70.75
67,19,25,4,210.98
68,19,24,5,271.7
69,19,36,5,13.76
70,19,31,5,70.75
71,20,13,1,10.39
72,20,15,4,77.21
73,20,5,3,1126.5
74,20,9,4,103.82
75,21,8,5,32.4
76,21,45,5,57.86
77,22,33,1,63.03
78,23,15,1,77.21
79,23,19,3,363.01
80,24,9,4,103.82
81,24,6,3,444.9
82,24,33,4,63.03
83,25,37,1,10.95
84,25,47,3,55.02
85,25,8,2,32.4
86,25,42,1,15.62
87,25,18,1,43.97
88,26,3,5,200.2
89,27,15,5,77.21
90,28,12,2,101.23
91,28,17,5,230.95
92,28,10,5,63.74
93,29,36,1,13.76
94,29,27,5,176.77
95,29,46,1,64.75
96,30,42,2,15.62
97,30,21,1,239.27
98,30,33,5,63.03
99,30,44,2,145.3
100,31,33,5,63.03
101,31,5,1,1126.5
102,31,6,5,444.9
103,31,32,1,15.99
104,31,3,3,200.2
105,31,31,5,70.75
106,32,50,3,207.18
107,32,17,1,230.95
108,32,42,4,15.62
109,32,36,4,13.76
110,32,45,1,57.86
111,32,9,4,103.82
112,33,6,2,444.9
113,33,28,4,292.67
114,33,38,2,52.22
115,33,16,5,227.4
116,33,41,3,17.26
117,33,46,5,64.75
118,34,17,5,230.95
119,34,40,3,24.23
120,34,2,3,484.1
121,34,4,2,433.48
122,34,1,1,1018.4
123,34,8,3,32.4
124,35,40,4,24.23
125,35,27,3,176.77
126,35,23,1,106.31
127,35,32,4,15.99
128,35,30,3,69.44
129,36,30,3,69.44
130,36,12,3,101.23
131,36,19,5,363.01
132,37,50,1,207.18
133,37,38,2,52.22
134,38,30,4,69.44
135,38,18,4,43.97
136,39,3,2,200.2
137,39,24,3,271.7
138,39,48,5,24.38
139,39,17,3,230.95
140,40,34,5,64.57
141,40,30,3,69.44
142,40,50,3,207.18
143,40,39,4,15.98
144,40,46,3,64.75
145,40,1,3,1018.4
146,41,50,1,207.18
147,41,19,5,363.01
148,41,10,2,63.74
149,42,14,5,24.39
150,42,40,5,24.23
151,42,31,5,70.75
152,42,46,3,64.75
153,42,18,1,43.97
154,42,49,2,33.36
155,43,20,5,28.87
156,44,38,3,52.22
157,44,7,2,355.41
158,44,48,4,24.38
159,44,37,1,10.95
160,44,6,1,444.9
161,45,48,2,24.38
162,45,8,1,32.4
163,45,3,3,200.2
164,46,10,1,63.74
165,46,15,5,77.21
166,46,4,1,433.48
167,46,36,2,13.76
168,47,41,1,17.26
169,47,43,5,47.56
170,48,9,2,103.82
171,48,4,5,433.48
172,48,46,4,64.75
173,48,2,4,484.1
174,48,48,4,24.38
175,49,26,5,48.78
176,49,32,1,15.99
177,49,40,5,24.23
178,49,17,1,230.95
179,49,15,2,77.21
180,50,35,2,130.48
181,50,37,2,10.95
182,51,5,5,1126.5
183,51,49,4,33.36
184,51,48,3,24.38
185,51,16,1,227.4
186,52,20,1,28.87
187,52,4,2,433.48
188,52,27,3,176.77
189,52,41,5,17.26
190,53,2,2,484.1
191,53,3,3,200.2
192,54,11,5,20.15
193,54,50,5,207.18
194,54,25,3,210.98
195,55,4,4,433.48
196,55,23,3,106.31
197,55,29,5,14.06
198,55,16,5,227.4
199,55,7,4,355.41
200,55,3,4,200.2
201,56,46,3,64.75
202,56,41,5,17.26
203,56,39,3,15.98
204,56,8,1,32.4
205,56,21,1,239.27
206,56,43,2,47.56
207,57,30,3,69.44
208,57,21,5,239.27
209,57,17,1,230.95
210,57,10,2,63.74
211,57,40,4,24.23
212,57,39,5,15.98
213,58,49,4,33.36
214,58,19,4,363.01
215,58,6,1,444.9
216,58,48,4,24.38
217,58,17,3,230.95
218,59,33,3,63.03
219,59,22,4,140.34
220,60,39,1,15.98
221,60,21,4,239.27
222,60,5,1,1126.5
223,60,29,3,14.06
224,60,41,3,17.26
225,61,8,1,32.4
226,61,23,5,106.31
227,61,42,4,15.62
228,61,30,4,69.44
229,61,49,1,33.36
230,62,40,4,24.23
231,62,16,1,227.4
232,62,5,2,1126.5
233,62,49,3,33.36
234,63,9,4,103.82
235,63,37,1,10.95
236,63,48,1,24.38
237,63,17,5,230.95
238,63,32,2,15.99
239,63,49,2,33.36
240,64,10,2,63.74
241,65,42,4,15.62
242,65,18,3,43.97
243,66,5,4,1126.5
244,66,48,2,24.38
245,66,26,4,48.78
246,66,6,5,444.9
247,67,7,2,355.41
248,67,2,1,484.1
249,67,21,3,239.27
250,67,16,4,227.4
251,67,12,3,101.23
252,68,19,3,363.01
253,68,42,5,15.62
254,68,31,5,70.75
255,68,4,4,433.48
256,68,38,2,52.22
257,68,17,4,230.95
258,69,5,4,1126.5
259,69,35,4,65.24
260,69,11,3,20.15
261,69,20,2,28.87
262,69,9,2,103.82
263,70,20,1,28.87
264,70,48,3,24.38
265,70,41,4,17.26
266,70,31,4,70.75
267,71,33,4,63.03
268,71,40,1,24.23
269,72,49,4,33.36
270,73,29,2,14.06
271,73,21,4,239.27
272,73,50,2,207.18
273,73,35,1,65.24
274,73,33,4,63.03
275,73,3,3,200.2
276,74,23,3,106.31
277,75,5,4,1126.5
278,75,3,5,200.2
279,75,16,1,227.4
280,75,23,5,106.31
281,75,6,1,444.9
282,75,38,2,52.22
283,76,42,1,15.62
284,76,46,4,64.75
285,76,50,1,207.18
286,76,10,1,63.74
287,76,48,4,24.38
288,76,33,2,63.03
289,77,17,1,230.95
290,77,41,3,17.26
291,77,14,3,24.39
292,78,20,5,28.87
293,78,34,2,64.57
294,78,38,2,52.22
295,78,27,2,176.77
296,79,40,2,24.23
297,79,45,4,57.86
298,79,22,5,140.34
299,79,43,2,47.56
300,79,49,2,33.36
301,79,9,4,103.82
302,80,45,4,57.86
303,81,44,3,145.3
304,81,24,5,271.7
305,81,8,3,32.4
306,81,39,4,15.98
307,82,44,4,145.3
308,82,19,4,363.01
309,83,13,3,10.39
310,83,43,3,47.56
311,83,11,1,20.15
312,83,26,4,48.78
313,83,25,3,210.98
314,84,36,1,13.76
315,84,31,5,70.75
316,84,38,4,52.22
317,84,8,3,32.4
318,84,7,2,355.41
319,84,39,5,15.98
320,85,41,2,17.26
321,85,32,1,15.99
322,85,6,1,444.9
323,86,8,2,32.4
324,86,49,1,33.36
325,86,26,3,48.78
326,86,11,3,20.15
327,86,9,4,103.82
328,86,34,2,64.57
329,87,23,5,106.31
330,87,19,5,363.01
331,87,17,3,230.95
332,88,39,3,15.98
333,88,3,1,200.2
334,88,50,4,207.18
335,89,4,4,433.48
336,89,39,5,15.98
337,89,29,3,14.06
338,89,37,1,10.95
339,89,36,4,13.76
340,89,13,1,10.39
341,90,24,3,271.7
342,90,27,5,176.77
343,90,50,4,207.18
344,90,47,3,55.02
345,90,6,1,444.9
346,90,21,2,239.27
347,91,8,5,32.4
348,91,14,2,24.39
349,91,1,1,1018.4
350,92,26,4,48.78
351,92,49,1,33.36
352,92,47,2,55.02
353,92,9,1,103.82
354,92,17,1,230.95
355,92,22,3,140.34
356,93,43,2,47.56
357,93,4,4,433.48
358,93,42,4,15.62
359,93,37,3,10.95
360,93,41,5,17.26
361,94,6,1,444.9
362,94,18,4,43.97
363,94,10,5,63.74
364,94,28,4,292.67
365,95,29,4,14.06
366,95,10,2,63.74
367,95,41,3,17.26
368,95,26,1,48.78
369,96,19,1,363.01
370,96,31,4,70.75
371,96,17,3,230.95
372,97,3,1,200.2
373,97,31,2,70.75
374,97,1,5,1018.4
375,97,16,1,227.4
376,98,32,2,15.99
377,98,40,1,24.23
378,98,6,5,444.9
379,98,13,2,10.39
380,98,1,5,1018.4
381,99,17,1,230.95
382,99,33,3,63.03
383,99,14,2,24.39
384,99,12,2,101.23
385,99,29,5,14.06
386,100,7,2,355.41
387,101,38,3,52.22
388,101,15,1,77.21
389,101,22,2,140.34
390,101,33,3,63.03
391,101,23,1,106.31
392,102,38,4,52.22
393,103,44,5,145.3
394,103,5,2,1126.5
395,103,49,5,33.36
396,103,45,1,57.86
397,104,21,1,239.27
398,104,27,1,176.77
399,104,8,4,32.4
400,104,30,4,69.44
401,104,11,4,20.15
402,104,17,1,230.95
403,105,12,3,101.23
404,106,29,5,14.06
405,106,16,5,227.4
406,106,33,3,63.03
407,106,50,4,207.18
408,106,24,5,271.7
409,107,30,1,69.44
410,107,36,1,13.76
411,107,1,5,1018.4
412,107,37,2,10.95
413,108,50,4,207.18
414,108,34,4,64.57
415,108,6,4,444.9
416,109,24,3,271.7
417,109,29,3,14.06
418,109,19,2,363.01
419,109,44,4,145.3
420,109,36,1,13.76
421,109,25,1,210.98
422,110,20,3,28.87
423,110,42,2,15.62
424,110,15,5,77.21
425,110,13,1,10.39
426,110,32,5,15.99
427,110,19,5,363.01
428,111,34,4,64.57
429,111,31,1,70.75
430,111,32,3,15.99
431,112,16,2,227.4
432,112,24,2,271.7
433,112,13,4,10.39
434,112,10,2,63.74
435,112,39,1,15.98
436,113,7,5,355.41
437,113,30,2,69.44
438,113,18,4,43.97
439,114,24,1,271.7
440,114,32,5,15.99
441,114,6,3,444.9
442,114,35,1,65.24
443,114,16,2,227.4
444,115,5,3,1126.5
445,115,11,1,20.15
446,115,39,2,15.98
447,116,49,1,33.36
448,116,16,1,227.4
449,117,4,3,433.48
450,117,11,2,20.15
451,117,7,3,355.41
452,117,1,3,1018.4
453,118,15,1,77.21
454,118,27,1,176.77
455,118,20,2,28.87
456,118,21,2,239.27
457,118,39,5,15.98
458,119,10,4,63.74
459,119,2,4,484.1
460,119,48,5,24.38
461,119,36,4,13.76
462,119,14,4,24.39
463,119,23,3,106.31
464,120,10,3,63.74
465,121,48,3,24.38
466,121,34,1,64.57
467,121,40,2,24.23
468,121,38,4,52.22
469,121,21,5,239.27
470,121,1,1,1018.4
471,122,25,3,210.98
472,122,2,3,484.1
473,123,11,2,20.15
474,123,14,2,24.39
475,123,31,4,70.75
476,123,47,5,55.02
477,124,16,3,227.4
478,124,39,1,15.98
479,124,36,4,13.76
480,124,7,1,355.41
481,124,27,4,176.77
482,124,13,1,10.39
483,125,19,5,363.01
484,125,6,4,444.9
485,125,50,4,207.18
486,125,36,3,13.76
487,126,24,5,271.7
488,126,26,4,48.78
489,127,8,2,32.4
490,128,40,3,24.23
491,128,3,3,200.2
492,128,13,2,10.39
493,128,29,3,14.06
494,129,29,5,14.06
495,130,16,2,227.4
496,130,8,2,32.4
497,130,21,1,239.27
498,131,29,1,14.06
499,131,20,2,28.87
500,132,41,5,17.26
501,132,12,4,101.23
502,132,16,5,227.4
503,132,14,5,24.39
504,132,6,3,444.9
505,133,31,4,70.75
506,133,38,3,52.22
507,133,47,3,55.02
508,133,33,5,63.03
509,134,46,4,64.75
510,134,3,1,200.2
511,134,27,1,176.77
512,134,7,3,355.41
513,135,18,5,43.97
514,136,46,1,64.75
515,136,17,0,230.95
516,136,24,5,271.7
517,136,31,2,70.75
518,136,20,3,28.87
519,137,48,1,24.38
520,137,47,3,55.02
521,137,5,1,1126.5
522,137,1,5,1018.4
523,138,13,4,10.39
524,138,17,5,230.95
525,138,25,5,210.98
526,138,32,5,15.99
527,139,8,4,32.4
528,139,22,3,140.34
529,139,14,5,24.39
530,139,40,1,24.23
531,140,28,5,292.67
532,141,24,5,271.7
533,141,37,2,10.95
534,141,9,3,103.82
535,141,23,1,106.31
536,141,25,5,210.98
537,141,44,2,145.3
538,142,8,4,32.4
539,142,11,2,20.15
540,142,37,5,10.95
541,142,45,1,57.86
542,142,4,3,433.48
543,142,48,5,24.38
544,143,24,5,271.7
545,143,50,1,207.18
546,144,49,3,33.36
547,145,15,2,77.21
548,145,36,2,13.76
549,145,28,2,292.67
550,145,8,2,32.4
551,146,37,5,10.95
552,146,8,5,32.4
553,146,17,1,230.95
554,146,36,3,13.76
555,146,25,5,210.98
556,147,45,5,57.86
557,147,48,2,24.38
558,148,30,2,69.44
559,148,14,4,24.39
560,148,24,5,271.7
561,148,22,3,140.34
562,148,29,4,14.06
563,148,38,2,52.22
564,149,11,2,20.15
565,149,20,3,28.87
566,149,42,5,15.62
567,149,28,4,292.67
568,150,9,4,103.82
569,150,32,2,15.99
570,150,6,2,444.9
571,150,3,5,200.2
572,150,17,2,230.95
573,151,36,5,13.76
574,151,14,1,24.39
575,151,42,5,15.62
576,152,14,4,24.39
577,152,13,5,10.39
578,152,3,2,200.2
579,153,45,3,57.86
580,153,13,1,10.39
581,153,43,4,47.56
582,153,18,1,43.97
583,154,7,3,355.41
584,155,26,3,48.78
585,155,5,2,1126.5
586,155,1,2,1018.4
587,155,42,1,15.62
588,155,39,3,15.98
589,155,49,4,33.36
590,156,43,5,47.56
591,156,22,1,140.34
592,156,8,1,32.4
593,156,17,1,230.95
594,157,17,5,230.95
595,157,23,5,106.31
596,157,42,4,15.62
597,157,9,1,103.82
598,157,36,3,13.76
599,157,47,2,55.02
600,158,32,5,15.99
601,158,1,4,1018.4
602,158,40,1,24.23
603,158,12,1,101.23
604,158,4,4,433.48
605,158,35,5,65.24
606,159,30,2,69.44
607,159,45,3,57.86
608,160,40,4,24.23
609,160,44,2,145.3
610,160,38,1,52.22
611,160,11,5,20.15
612,160,14,3,24.39
613,161,18,5,43.97
614,161,50,1,207.18
615,161,29,4,14.06
616,161,28,4,292.67
617,161,5,1,1126.5
618,162,42,1,15.62
619,162,34,3,64.57
620,162,28,1,292.67
621,162,1,3,1018.4
622,162,10,2,63.74
623,162,14,1,24.39
624,163,2,1,484.1
625,163,35,3,65.24
626,164,17,4,230.95
627,164,11,4,20.15
628,164,33,2,63.03
629,164,22,2,140.34
630,164,45,1,57.86
631,164,15,4,77.21
632,165,40,1,24.23
633,165,38,3,52.22
634,166,9,4,103.82
635,166,17,3,230.95
636,166,14,1,24.39
637,166,8,2,32.4
638,166,3,3,200.2
639,167,49,1,33.36
640,167,9,3,103.82
641,167,16,4,227.4
642,168,33,2,63.03
643,168,20,4,28.87
644,168,18,4,43.97
645,169,2,4,484.1
646,169,18,1,43.97
647,169,23,4,106.31
648,169,28,5,292.67
649,169,38,2,52.22
650,169,13,5,10.39
651,170,1,3,1018.4
652,170,34,3,64.57
653,170,23,4,106.31
654,170,6,5,444.9
655,170,32,4,15.99
656,170,18,2,43.97
657,171,36,3,13.76
658,171,16,5,227.4
659,171,7,4,355.41
660,171,18,3,43.97
661,171,1,1,1018.4
662,171,48,1,24.38
663,172,20,2,28.87
664,172,41,1,17.26
665,172,1,2,1018.4
666,172,36,5,13.76
667,172,18,4,43.97
668,172,7,1,355.41
669,173,7,3,355.41
670,173,31,4,70.75
671,173,32,5,15.99
672,174,19,3,363.01
673,174,25,4,210.98
674,174,50,1,207.18
675,175,49,3,33.36
676,175,31,2,70.75
677,175,46,1,64.75
678,176,38,1,52.22
679,176,19,3,363.01
680,176,18,3,43.97
681,176,42,4,15.62
682,176,8,2,32.4
683,177,11,1,20.15
684,177,17,2,230.95
685,178,46,1,64.75
686,178,1,3,1018.4
687,178,8,3,32.4
688,178,50,1,207.18
689,179,31,2,70.75
690,179,34,3,64.57
691,180,41,2,17.26
692,180,5,4,1126.5
693,181,41,5,17.26
694,181,44,2,145.3
695,181,46,5,64.75
696,181,24,1,271.7
697,182,15,4,77.21
698,182,29,5,14.06
699,182,41,4,17.26
700,182,18,4,43.97
701,182,14,5,24.39
702,182,17,1,230.95
703,183,11,5,20.15
704,183,5,3,1126.5
705,183,17,2,230.95
706,183,35,5,65.24
707,184,39,5,15.98
708,184,33,1,63.03
709,184,21,1,239.27
710,184,3,5,200.2
711,185,16,2,227.4
712,185,8,3,32.4
713,185,44,5,145.3
714,185,43,3,47.56
715,185,13,1,10.39
716,185,38,3,52.22
717,186,33,3,63.03
718,186,25,5,210.98
719,187,24,5,271.7
720,187,10,2,63.74
721,187,33,2,63.03
722,187,5,5,1126.5
723,187,50,5,207.18
724,188,20,1,28.87
725,189,15,2,77.21
726,189,23,5,106.31
727,189,35,4,65.24
728,189,28,5,292.67
729,189,42,1,15.62
730,189,25,4,210.98
731,190,2,2,484.1
732,190,29,4,14.06
733,190,45,3,57.86
734,190,39,4,15.98
735,191,24,4,271.7
736,191,38,4,52.22
737,191,32,2,15.99
738,191,18,3,43.97
739,192,42,3,15.62
740,192,20,4,28.87
741,192,17,2,230.95
742,193,25,2,210.98
743,193,19,4,363.01
744,193,49,1,33.36
745,194,8,3,32.4
746,195,30,3,69.44
747,195,45,5,57.86
748,196,37,5,10.95
749,196,46,4,64.75
750,196,5,4,1126.5
751,196,26,3,48.78
752,197,1,4,1018.4
753,197,45,2,57.86
754,197,17,2,230.95
755,197,28,5,292.67
756,197,34,3,64.57
757,198,2,4,484.1
758,198,39,3,15.98
759,198,41,5,17.26
760,198,47,1,55.02
761,198,36,1,13.76
762,198,49,4,33.36
763,199,30,3,69.44
764,199,34,1,64.57
765,199,2,4,484.1
766,199,38,1,52.22
767,200,34,1,64.57
768,200,9,4,103.82
769,200,32,5,15.99
770,201,26,5,48.78
771,201,15,1,77.21
772,201,8,2,32.4
773,201,19,1,363.01
774,201,47,4,55.02
775,201,35,3,65.24
776,202,14,2,24.39
777,202,44,5,145.3
778,203,21,2,239.27
779,204,31,2,70.75
780,204,4,5,433.48
781,204,24,5,271.7
782,204,48,2,24.38
783,205,23,3,106.31
784,205,13,5,10.39
785,205,1,0,1018.4
786,205,28,5,292.67
787,205,26,5,48.78
788,206,31,1,70.75
789,206,3,3,200.2
790,206,43,3,47.56
791,206,5,1,1126.5
792,207,28,1,292.67
793,207,35,5,65.24
794,207,5,4,1126.5
795,207,50,3,207.18
796,207,8,5,32.4
797,207,43,5,47.56
798,208,3,5,200.2
799,208,14,4,24.39
800,208,13,2,10.39
801,208,20,2,28.87
802,208,8,1,32.4
803,209,38,3,52.22
804,209,26,4,48.78
805,209,1,2,1018.4
806,209,41,4,17.26
807,210,17,4,230.95
808,210,3,1,200.2
809,210,23,2,106.31
810,210,27,5,176.77
811,210,38,2,52.22
812,211,38,4,52.22
813,211,32,3,15.99
814,211,2,2,484.1
815,211,41,4,17.26
816,211,22,5,140.34
817,212,29,3,14.06
818,212,45,5,57.86
819,212,5,4,1126.5
820,212,42,2,15.62
821,212,38,2,52.22
822,212,9,3,103.82
823,213,22,2,140.34
824,213,35,4,65.24
825,213,46,3,64.75
826,214,17,3,230.95
827,214,44,3,145.3
828,214,14,1,24.39
829,214,26,5,48.78
830,214,13,5,10.39
831,214,39,4,15.98
832,215,4,3,433.48
833,215,9,1,103.82
834,216,47,3,55.02
835,216,34,4,64.57
836,216,30,2,69.44
837,216,9,2,103.82
838,216,28,5,292.67
839,216,32,3,15.99
840,217,49,5,33.36
841,217,20,2,28.87
842,217,6,2,444.9
843,217,18,1,43.97
844,217,41,5,17.26
845,218,47,3,55.02
846,218,23,4,106.31
847,218,19,1,363.01
848,218,11,2,20.15
849,219,26,4,48.78
850,219,3,4,200.2
851,219,31,2,70.75
852,219,39,3,15.98
853,220,43,5,47.56
854,221,42,2,15.62
855,222,41,4,17.26
856,222,47,2,55.02
857,222,2,3,484.1
858,222,50,1,207.18
859,223,32,3,15.99
860,223,19,4,363.01
861,223,5,5,1126.5
862,224,1,4,1018.4
863,224,20,3,28.87
864,224,50,2,207.18
865,224,32,1,15.99
866,224,36,3,13.76
867,225,5,1,1126.5
868,225,39,3,15.98
869,226,5,5,1126.5
870,226,7,4,355.41
871,227,45,1,57.86
872,227,4,2,433.48
873,227,43,2,47.56
874,227,8,4,32.4
875,227,9,3,103.82
876,227,5,2,1126.5
877,228,9,3,103.82
878,228,44,3,145.3
879,228,35,5,65.24
880,229,43,2,47.56
881,229,19,1,363.01
882,229,6,1,444.9
883,230,39,3,15.98
884,230,15,1,77.21
885,230,26,3,48.78
886,230,8,3,32.4
887,230,11,5,20.15
888,231,15,4,77.21
889,231,47,5,55.02
890,232,34,5,64.57
891,232,9,2,103.82
892,232,33,2,63.03
893,232,17,5,230.95
894,233,1,1,1018.4
895,233,29,5,14.06
896,233,28,1,292.67
897,234,13,5,10.39
898,234,15,2,77.21
899,234,18,2,43.97
900,234,2,3,484.1
901,234,3,5,200.2
902,235,21,4,239.27
903,235,10,1,63.74
904,235,39,5,15.98
905,235,35,4,65.24
906,235,50,1,207.18
907,236,12,1,101.23
908,236,38,5,52.22
909,236,5,4,1126.5
910,236,7,3,355.41
911,236,6,1,444.9
912,237,50,5,207.18
913,237,41,1,17.26
914,238,49,1,33.36
915,238,16,1,227.4
916,238,9,4,103.82
917,238,17,1,230.95
918,238,38,3,52.22
919,239,44,4,145.3
920,239,29,3,14.06
921,239,15,4,77.21
922,239,2,4,484.1
923,239,6,4,444.9
924,239,10,4,63.74
925,240,38,2,52.22
926,240,9,3,103.82
927,240,36,1,13.76
928,240,10,2,63.74
929,240,50,5,207.18
930,241,43,1,47.56
931,242,1,5,1018.4
932,242,17,4,230.95
933,242,33,2,63.03
934,242,19,2,363.01
935,243,35,1,65.24
936,243,1,1,1018.4
937,243,33,4,63.03
938,243,24,5,271.7
939,243,11,1,20.15
940,243,43,2,47.56
941,244,7,5,355.41
942,244,17,1,230.95
943,244,21,2,239.27
944,244,16,1,227.4
945,245,49,2,33.36
946,246,29,5,14.06
947,246,48,3,24.38
948,246,3,5,200.2
949,246,12,5,101.23
950,246,6,3,444.9
951,246,44,2,145.3
952,247,35,4,65.24
953,247,31,3,70.75
954,248,1,2,1018.4
955,248,38,4,52.22
956,248,31,5,70.75
957,248,14,4,24.39
958,248,16,1,227.4
959,248,29,3,14.06
960,249,47,4,55.02
961,249,50,4,207.18
962,249,4,2,433.48
963,250,10,2,63.74
964,250,16,2,227.4
965,250,50,3,207.18
966,250,2,2,484.1
967,251,15,5,77.21
968,251,14,2,24.39
969,251,5,4,1126.5
970,251,7,2,355.41
971,251,16,3,227.4
972,252,48,3,24.38
973,252,17,1,230.95
974,252,2,5,484.1
975,252,25,2,210.98
976,253,41,1,17.26
977,253,38,1,52.22
978,253,44,2,145.3
979,253,8,5,32.4
980,253,35,5,65.24
981,254,20,3,28.87
982,254,17,1,230.95
983,254,2,2,484.1
984,255,28,2,292.67
985,255,49,5,33.36
986,255,13,2,10.39
987,255,33,4,63.03
988,256,19,4,363.01
989,256,32,5,15.99
990,256,27,3,176.77
991,256,46,3,64.75
992,257,41,1,17.26
993,257,14,4,24.39
994,257,37,3,10.95
995,257,15,2,77.21
996,258,29,2,14.06
997,258,25,1,210.98
998,259,31,4,70.75
999,259,17,3,230.95
1000,259,10,2,63.74
1001,259,9,2,103.82
1002,259,40,3,24.23
1003,259,22,2,140.34
1004,260,2,3,484.1
1005,260,26,3,48.78
1006,260,4,4,433.48
1007,260,18,4,43.97
1008,260,3,4,200.2
1009,261,23,4,106.31
1010,261,22,2,140.34
1011,261,50,5,207.18
1012,261,35,1,65.24
1013,261,2,5,484.1
1014,262,26,1,48.78
1015,263,41,2,17.26
1016,264,4,5,433.48
1017,265,19,4,363.01
1018,265,49,1,33.36
1019,265,31,1,70.75
1020,265,18,5,43.97
1021,266,28,3,292.67
1022,266,20,5,28.87
1023,266,34,3,64.57
1024,266,19,1,363.01
1025,266,37,5,10.95
1026,266,32,4,15.99
1027,267,41,2,17.26
1028,267,50,2,207.18
1029,268,31,4,70.75
1030,268,45,1,57.86
1031,268,3,3,200.2
1032,269,24,3,271.7
1033,269,9,1,103.82
1034,270,26,4,48.78
1035,270,3,4,200.2
1036,270,13,5,10.39
1037,270,18,4,43.97
1038,271,14,4,24.39
1039,272,29,5,14.06
1040,273,37,5,10.95
1041,273,36,4,13.76
1042,273,28,3,292.67
1043,273,15,1,77.21
1044,273,21,1,239.27
1045,273,46,3,64.75
1046,274,21,1,239.27
1047,274,31,2,70.75
1048,274,14,5,24.39
1049,275,16,3,227.4
1050,276,10,5,63.74
1051,276,26,3,48.78
1052,276,23,4,106.31
1053,276,30,2,69.44
1054,277,12,1,101.23
1055,278,43,5,47.56
1056,278,13,5,10.39
1057,278,39,4,15.98
1058,278,40,3,24.23
1059,278,21,1,239.27
1060,279,48,2,24.38
1061,279,13,3,10.39
1062,279,47,5,55.02
1063,279,7,4,355.41
1064,280,11,1,20.15
1065,280,13,5,10.39
1066,280,19,3,363.01
1067,280,47,2,55.02
1068,281,15,2,77.21
1069,281,36,4,13.76
1070,281,7,3,355.41
1071,281,1,3,1018.4
1072,282,2,3,484.1
1073,282,27,3,176.77
1074,282,23,1,106.31
1075,282,28,2,292.67
1076,283,49,5,33.36
1077,283,43,4,47.56
1078,283,31,1,70.75
1079,283,41,1,17.26
1080,283,12,1,101.23
1081,284,2,4,484.1
1082,284,25,1,210.98
1083,284,49,3,-66.72
1084,285,23,2,106.31
1085,285,35,5,65.24
1086,285,40,5,24.23
1087,285,16,2,227.4
1088,285,49,0,33.36
1089,286,7,2,355.41
1090,286,21,1,239.27
1091,286,41,2,17.26
1092,286,18,4,43.97
1093,287,18,3,43.97
1094,288,33,5,63.03
1095,288,24,2,271.7
1096,288,15,4,77.21
1097,288,2,1,484.1
1098,288,28,2,292.67
1099,289,27,4,176.77
1100,289,33,3,63.03
1101,289,8,4,32.4
1102,289,24,3,271.7
1103,289,6,4,444.9
1104,290,23,2,106.31
1105,290,44,4,145.3
1106,290,38,3,52.22
1107,290,16,2,227.4
1108,290,35,4,65.24
1109,291,26,5,48.78
1110,291,36,2,13.76
1111,291,49,3,33.36
1112,291,41,4,17.26
1113,292,43,2,47.56
1114,292,20,5,28.87
1115,292,50,5,207.18
1116,292,41,2,17.26
1117,292,12,5,101.23
1118,293,1,3,1018.4
1119,293,8,1,32.4
1120,293,48,4,24.38
1121,293,3,4,200.2
1122,294,37,2,10.95
1123,294,15,4,77.21
1124,294,9,4,103.82
1125,294,46,1,64.75
1126,294,33,4,63.03
1127,294,19,5,363.01
1128,295,27,4,176.77
1129,295,7,5,355.41
1130,295,30,1,69.44
1131,295,36,3,13.76
1132,295,23,5,106.31
1133,295,31,5,70.75
1134,296,4,3,433.48
1135,296,28,2,292.67
1136,296,23,5,106.31
1137,296,35,1,65.24
1138,296,33,5,63.03
1139,296,25,4,210.98
1140,297,41,1,17.26
1141,298,7,5,355.41
1142,298,6,5,444.9
1143,298,25,5,210.98
1144,298,10,2,63.74
1145,298,9,4,103.82
1146,299,30,5,69.44
1147,299,32,2,15.99
1148,299,37,3,10.95
1149,299,9,1,103.82
1150,299,24,4,271.7
1151,300,49,2,33.36
1152,301,12,5,101.23
1153,301,30,4,69.44
1154,302,8,4,32.4
1155,302,50,3,207.18
1156,302,3,1,200.2
1157,302,4,3,433.48
1158,302,24,1,271.7
1159,302,48,1,24.38
1160,303,10,2,63.74
1161,303,20,5,28.87
1162,304,31,4,70.75
1163,304,28,2,292.67
1164,304,30,4,69.44
1165,304,48,2,24.38
1166,305,25,5,210.98
1167,306,45,2,57.86
1168,307,19,5,363.01
1169,308,2,4,484.1
1170,308,37,1,10.95
1171,309,31,3,70.75
1172,309,2,5,484.1
1173,309,30,4,69.44
1174,309,27,5,176.77
1175,309,5,4,1126.5
1176,309,28,5,292.67
1177,310,24,2,271.7
1178,310,40,3,24.23
1179,310,34,5,64.57
1180,310,13,5,10.39
1181,310,39,1,15.98
1182,311,35,1,65.24
1183,311,50,2,207.18
1184,311,27,3,176.77
1185,312,49,2,33.36
1186,312,43,5,47.56
1187,312,45,4,57.86
1188,312,10,4,63.74
1189,312,39,2,15.98
1190,313,3,2,200.2
1191,313,46,5,64.75
1192,313,20,2,28.87
1193,313,44,4,145.3
1194,313,36,3,13.76
1195,313,15,2,77.21
1196,314,34,3,64.57
1197,315,14,5,24.39
1198,315,24,5,271.7
1199,315,41,4,17.26
1200,315,17,4,230.95
1201,316,36,4,13.76
1202,316,17,2,230.95
1203,316,14,1,24.39
1204,316,3,5,200.2
1205,317,12,5,101.23
1206,317,9,3,103.82
1207,318,30,5,69.44
1208,318,27,5,176.77
1209,318,33,1,63.03
1210,318,8,5,32.4
1211,319,27,5,176.77
1212,319,20,1,28.87
1213,319,8,4,32.4
1214,320,10,2,63.74
1215,320,38,3,52.22
1216,320,1,1,1018.4
1217,320,30,4,69.44
1218,320,8,3,32.4
1219,320,2,3,484.1
1220,321,45,2,57.86
1221,321,29,5,14.06
1222,322,39,4,15.98
1223,322,30,2,69.44
1224,322,13,5,10.39
1225,322,44,2,145.3
1226,322,37,2,10.95
1227,322,21,2,239.27
1228,323,17,5,230.95
1229,323,22,2,140.34
1230,323,27,3,176.77
1231,323,38,3,52.22
1232,323,15,3,77.21
1233,324,1,1,1018.4
1234,324,27,2,176.77
1235,324,3,4,200.2
1236,324,42,1,15.62
1237,324,23,3,106.31
1238,324,46,2,64.75
1239,325,40,2,24.23
1240,325,16,4,227.4
1241,325,34,4,64.57
1242,326,18,4,43.97
1243,326,34,4,64.57
1244,326,10,1,63.74
1245,326,1,1,1018.4
1246,327,42,4,15.62
1247,327,32,4,15.99
1248,327,22,3,140.34
1249,328,8,1,32.4
1250,328,43,4,47.56
1251,328,34,3,64.57
1252,328,20,1,28.87
1253,328,35,5,65.24
1254,328,48,4,24.38
1255,329,16,3,227.4
1256,329,25,3,210.98
1257,329,49,3,33.36
1258,330,47,3,55.02
1259,330,46,1,64.75
1260,330,19,1,363.01
1261,330,22,1,140.34
1262,331,35,4,65.24
1263,331,25,4,210.98
1264,332,22,3,140.34
1265,332,17,2,230.95
1266,333,19,3,363.01
1267,334,31,3,70.75
1268,334,14,2,24.39
1269,334,5,4,1126.5
1270,334,32,1,15.99
1271,334,46,1,64.75
1272,334,40,1,24.23
1273,335,46,5,64.75
1274,335,15,4,77.21
1275,336,2,4,484.1
1276,337,14,1,24.39
1277,337,33,1,63.03
1278,337,26,1,48.78
1279,337,38,3,52.22
1280,338,15,2,77.21
1281,338,12,1,101.23
1282,339,16,4,227.4
1283,339,4,3,433.48
1284,340,50,5,207.18
1285,340,14,4,24.39
1286,340,48,2,24.38
1287,340,27,1,176.77
1288,341,48,4,24.38
1289,341,12,3,101.23
1290,341,37,4,10.95
1291,341,44,3,145.3
1292,341,11,2,20.15
1293,341,16,2,227.4
1294,342,30,5,69.44
1295,342,43,5,47.56
1296,342,10,3,63.74
1297,342,3,1,200.2
1298,342,33,3,63.03
1299,343,8,4,32.4
1300,343,35,3,65.24
1301,343,7,1,355.41
1302,343,18,2,43.97
1303,343,46,4,64.75
1304,343,32,4,15.99
1305,344,40,5,24.23
1306,345,2,5,484.1
1307,345,28,4,292.67
1308,345,21,3,239.27
1309,345,33,5,63.03
1310,346,40,1,24.23
1311,347,49,1,33.36
1312,348,26,4,48.78
1313,348,19,4,363.01
1314,348,27,4,176.77
1315,348,37,1,10.95
1316,348,3,5,200.2
1317,349,49,1,33.36
1318,349,37,5,10.95
1319,349,2,2,484.1
1320,350,44,1,145.3
1321,350,32,3,15.99
1322,350,34,4,64.57
1323,350,20,2,28.87
1324,350,40,1,24.23
1325,350,11,2,20.15
1326,351,38,1,52.22
1327,351,31,3,70.75
1328,351,15,2,77.21
1329,351,27,1,176.77
1330,351,50,1,207.18
1331,352,12,3,101.23
1332,352,10,5,63.74
1333,352,8,5,32.4
1334,352,50,3,207.18
1335,353,32,1,15.99
1336,353,19,1,363.01
1337,353,13,3,10.39
1338,354,9,5,103.82
1339,354,36,1,13.76
1340,354,20,4,28.87
1341,354,17,4,230.95
1342,354,5,5,1126.5
1343,354,41,3,17.26
1344,355,26,2,48.78
1345,355,7,3,355.41
1346,355,1,1,1018.4
1347,356,23,5,106.31
1348,356,21,1,239.27
1349,356,40,1,24.23
1350,356,43,1,47.56
1351,356,27,2,176.77
1352,356,33,1,63.03
1353,357,14,1,24.39
1354,357,44,5,145.3
1355,358,31,4,70.75
1356,358,35,3,65.24
1357,359,5,1,1126.5
1358,359,31,2,70.75
1359,359,28,2,292.67
1360,359,47,5,55.02
1361,359,7,1,355.41
1362,360,11,3,20.15
1363,360,15,3,77.21
1364,360,21,1,239.27
1365,361,26,5,48.78
1366,361,32,3,15.99
1367,361,2,5,484.1
1368,362,19,5,363.01
1369,362,43,2,47.56
1370,363,43,5,47.56
1371,363,24,3,271.7
1372,364,34,4,64.57
1373,365,40,4,24.23
1374,365,18,4,43.97
1375,366,47,2,55.02
1376,367,8,1,32.4
1377,367,26,5,48.78
1378,367,3,1,200.2
1379,367,44,5,145.3
1380,368,30,5,69.44
1381,368,3,1,200.2
1382,368,49,4,33.36
1383,368,32,2,15.99
1384,368,8,2,32.4
1385,369,33,3,63.03
1386,369,39,3,15.98
1387,369,18,4,43.97
1388,369,4,3,108.37
1389,370,6,1,444.9
1390,370,44,2,145.3
1391,370,48,1,24.38
1392,370,39,2,15.98
1393,370,5,4,1126.5
1394,371,47,2,55.02
1395,371,6,4,444.9
1396,371,3,3,200.2
1397,372,40,3,24.23
1398,372,29,5,14.06
1399,373,24,1,271.7
1400,373,39,2,15.98
1401,374,34,3,64.57
1402,374,5,0,1126.5
1403,374,22,1,140.34
1404,375,48,1,24.38
1405,375,20,4,28.87
1406,376,28,2,292.67
1407,376,21,2,239.27
1408,377,26,5,48.78
1409,378,21,1,239.27
1410,379,30,3,69.44
1411,380,43,5,47.56
1412,380,17,4,230.95
1413,381,18,4,43.97
1414,381,47,2,55.02
1415,381,33,3,63.03
1416,381,37,2,10.95
1417,381,32,2,15.99
1418,381,8,3,32.4
1419,382,9,5,103.82
1420,382,42,5,15.62
1421,382,27,2,176.77
1422,382,10,3,63.74
1423,382,35,4,65.24
1424,383,20,4,28.87
1425,383,36,2,13.76
1426,383,32,4,15.99
1427,384,3,5,200.2
1428,384,25,1,210.98
1429,385,14,3,24.39
1430,385,49,5,33.36
1431,385,28,5,292.67
1432,385,11,3,20.15
1433,386,2,2,484.1
1434,386,14,1,24.39
1435,386,6,3,444.9
1436,386,32,1,15.99
1437,386,41,4,17.26
1438,387,42,1,15.62
1439,387,5,2,1126.5
1440,388,5,1,1126.5
1441,388,49,2,33.36
1442,388,15,5,77.21
1443,388,19,4,363.01
1444,388,16,3,227.4
1445,388,14,2,24.39
1446,389,18,3,43.97
1447,389,14,5,24.39
1448,389,35,1,65.24
1449,389,11,3,20.15
1450,389,6,5,444.9
1451,389,27,5,176.77
1452,390,22,5,140.34
1453,390,27,3,176.77
1454,390,12,2,101.23
1455,390,13,4,10.39
1456,391,21,1,239.27
1457,391,38,5,52.22
1458,392,34,2,64.57
1459,392,40,3,24.23
1460,393,48,1,24.38
1461,393,47,1,55.02
1462,393,44,2,145.3
1463,394,27,5,176.77
1464,395,27,5,176.77
1465,395,36,1,13.76
1466,395,49,3,33.36
1467,395,14,3,24.39
1468,396,2,4,121.02
1469,396,36,3,13.76
1470,396,8,2,32.4
1471,396,37,5,10.95
1472,397,11,5,20.15
1473,397,35,2,65.24
1474,397,25,4,210.98
1475,397,18,3,43.97
1476,397,36,3,13.76
1477,397,5,2,1126.5
1478,398,21,5,239.27
1479,398,41,1,17.26
1480,398,45,2,57.86
1481,398,39,5,15.98
1482,399,19,4,363.01
1483,400,49,3,33.36
1484,400,33,2,63.03
1485,400,43,1,47.56
1486,401,35,4,65.24
1487,401,5,1,1126.5
1488,401,30,3,69.44
1489,402,37,1,10.95
1490,402,35,1,65.24
1491,402,14,1,24.39
1492,403,31,4,70.75
1493,403,14,4,24.39
1494,403,29,0,14.06
1495,403,50,5,207.18
1496,404,39,2,15.98
1497,404,23,2,106.31
1498,404,9,4,103.82
1499,404,29,1,14.06
1500,404,44,1,145.3
1501,405,18,3,43.97
1502,406,29,1,14.06
1503,406,33,3,63.03
1504,406,38,5,52.22
1505,406,40,5,24.23
1506,406,22,4,140.34
1507,407,20,5,28.87
1508,407,38,4,52.22
1509,408,6,4,444.9
1510,408,3,5,200.2
1511,409,14,2,24.39
1512,409,24,1,271.7
1513,409,16,1,227.4
1514,410,41,1,17.26
1515,410,6,3,444.9
1516,411,25,5,210.98
1517,411,19,4,363.01
1518,411,30,2,69.44
1519,411,38,1,52.22
1520,411,7,1,355.41
1521,411,23,2,106.31
1522,412,10,1,63.74
1523,412,45,3,57.86
1524,412,29,4,14.06
1525,412,3,4,200.2
1526,413,24,4,271.7
1527,413,49,2,33.36
1528,413,6,3,444.9
1529,413,48,4,24.38
1530,413,41,3,17.26
1531,414,14,3,24.39
1532,414,44,2,145.3
1533,414,21,3,239.27
1534,414,25,5,210.98
1535,415,40,1,24.23
1536,416,38,2,52.22
1537,416,49,5,33.36
1538,416,40,1,24.23
1539,416,27,4,176.77
1540,416,26,5,48.78
1541,417,33,5,63.03
1542,417,41,2,17.26
1543,417,1,4,1018.4
1544,417,23,3,106.31
1545,418,26,5,48.78
1546,419,22,2,140.34
1547,419,41,1,17.26
1548,419,34,4,64.57
1549,419,48,2,24.38
1550,419,10,2,63.74
1551,420,45,4,57.86
1552,421,26,3,48.78
1553,421,13,1,10.39
1554,421,35,1,65.24
1555,422,50,5,207.18
1556,422,34,4,64.57
1557,422,18,1,43.97
1558,423,6,1,444.9
1559,423,25,4,210.98
1560,423,16,2,227.4
1561,423,22,2,140.34
1562,424,48,5,24.38
1563,425,6,3,444.9
1564,425,49,4,33.36
1565,425,45,3,57.86
1566,425,44,4,145.3
1567,425,43,4,47.56
1568,426,27,4,176.77
1569,426,5,2,1126.5
1570,426,44,5,145.3
1571,427,13,3,10.39
1572,427,19,2,363.01
1573,427,22,1,140.34
1574,427,18,4,43.97
1575,428,12,3,101.23
1576,428,4,3,433.48
1577,428,11,4,20.15
1578,429,30,2,69.44
1579,429,25,3,210.98
1580,430,30,4,69.44
1581,430,8,5,32.4
1582,430,37,1,10.95
1583,431,15,4,77.21
1584,431,20,5,28.87
1585,431,19,3,363.01
1586,431,44,1,145.3
1587,432,39,4,7.99
1588,432,24,2,271.7
1589,432,3,5,200.2
1590,432,43,5,47.56
1591,432,46,1,64.75
1592,433,27,2,176.77
1593,434,17,2,230.95
1594,434,7,3,355.41
1595,434,11,3,20.15
1596,434,40,4,24.23
1597,434,36,5,13.76
1598,434,12,4,101.23
1599,435,39,4,15.98
1600,435,32,5,15.99
1601,435,15,4,77.21
1602,436,26,2,48.78
1603,436,4,3,433.48
1604,436,50,1,207.18
1605,437,15,2,77.21
1606,437,50,2,207.18
1607,437,38,2,52.22
1608,437,5,2,1126.5
1609,437,21,3,239.27
1610,438,18,1,43.97
1611,438,40,4,24.23
1612,438,35,2,65.24
1613,438,7,2,355.41
1614,438,23,5,106.31
1615,438,41,1,17.26
1616,439,47,3,55.02
1617,439,3,4,200.2
1618,439,43,4,47.56
1619,439,42,3,15.62
1620,439,32,4,15.99
1621,439,35,3,65.24
1622,440,24,4,271.7
1623,440,1,5,1018.4
1624,440,3,1,200.2
1625,440,47,1,55.02
1626,440,27,5,176.77
1627,441,30,3,69.44
1628,441,2,3,484.1
1629,441,22,1,140.34
1630,441,16,4,227.4
1631,441,19,1,363.01
1632,442,43,3,47.56
1633,442,16,3,227.4
1634,442,15,2,77.21
1635,443,42,5,15.62
1636,444,33,1,63.03
1637,444,21,4,239.27
1638,444,36,3,13.76
1639,444,2,3,484.1
1640,444,5,4,1126.5
1641,444,6,4,444.9
1642,445,11,3,20.15
1643,445,28,2,292.67
1644,446,49,3,33.36
1645,446,42,5,15.62
1646,446,15,3,77.21
1647,446,17,2,230.95
1648,446,10,5,63.74
1649,446,25,2,210.98
1650,447,29,5,14.06
1651,447,25,2,210.98
1652,447,23,3,106.31
1653,448,13,3,10.39
1654,448,8,4,32.4
1655,448,30,3,69.44
1656,448,11,3,20.15
1657,448,1,3,1018.4
1658,448,12,5,101.23
1659,449,27,5,176.77
1660,450,40,5,24.23
1661,450,8,1,32.4
1662,451,7,2,355.41
1663,452,2,2,484.1
1664,452,44,3,145.3
1665,452,30,2,69.44
1666,452,40,1,24.23
1667,453,7,1,355.41
1668,453,37,1,10.95
1669,453,50,4,207.18
1670,454,44,2,145.3
1671,454,25,4,210.98
1672,454,12,1,101.23
1673,454,1,2,1018.4
1674,454,46,5,64.75
1675,455,20,4,28.87
1676,455,23,1,106.31
1677,455,11,1,20.15
1678,455,24,5,271.7
1679,456,30,5,69.44
1680,456,25,2,210.98
1681,456,1,1,1018.4
1682,457,25,3,210.98
1683,457,9,3,103.82
1684,458,45,2,57.86
1685,458,9,1,103.82
1686,458,49,1,33.36
1687,459,37,5,10.95
1688,459,4,3,433.48
1689,459,12,4,101.23
1690,459,41,2,17.26
1691,459,20,3,28.87
1692,460,27,1,176.77
1693,460,40,2,24.23
1694,460,44,2,145.3
1695,460,34,2,64.57
1696,461,45,3,57.86
1697,462,42,3,15.62
1698,462,8,5,32.4
1699,462,12,5,101.23
1700,462,35,1,65.24
1701,462,38,5,52.22
1702,462,32,1,15.99
1703,463,14,1,24.39
1704,464,36,4,13.76
1705,464,43,2,47.56
1706,464,35,2,65.24
1707,465,19,1,363.01
1708,465,36,5,13.76
1709,465,3,3,200.2
1710,465,10,5,63.74
1711,466,12,5,101.23
1712,467,34,4,64.57
1713,468,27,2,176.77
1714,468,50,3,207.18
1715,468,31,4,70.75
1716,468,9,3,103.82
1717,468,34,2,64.57
1718,469,19,4,363.01
1719,469,48,3,24.38
1720,469,24,2,271.7
1721,469,39,1,15.98
1722,469,7,1,355.41
1723,469,26,1,48.78
1724,470,27,5,176.77
1725,471,11,4,20.15
1726,471,8,3,32.4
1727,472,29,1,14.06
1728,472,4,3,433.48
1729,473,17,1,230.95
1730,474,21,2,239.27
1731,474,10,3,63.74
1732,474,5,3,1126.5
1733,474,34,4,64.57
1734,474,39,5,15.98
1735,474,35,3,65.24
1736,475,33,1,63.03
1737,475,28,4,292.67
1738,476,45,4,57.86
1739,476,36,4,13.76
1740,476,41,2,17.26
1741,476,5,1,1126.5
1742,476,42,2,15.62
1743,476,33,1,63.03
1744,477,23,5,106.31
1745,477,7,4,355.41
1746,477,41,2,17.26
1747,477,16,5,227.4
1748,478,41,2,17.26
1749,478,24,4,271.7
1750,478,2,4,484.1
1751,478,42,1,15.62
1752,478,9,4,103.82
1753,478,26,4,48.78
1754,479,33,5,63.03
1755,480,30,3,69.44
1756,480,36,5,13.76
1757,480,37,5,10.95
1758,480,24,5,271.7
1759,480,44,1,145.3
1760,480,25,4,210.98
1761,481,9,4,103.82
1762,481,43,2,47.56
1763,481,3,5,200.2
1764,481,35,5,65.24
1765,481,22,1,140.34
1766,481,40,1,24.23
1767,482,48,2,24.38
1768,482,37,1,10.95
1769,482,10,4,63.74
1770,482,42,3,15.62
1771,483,2,2,484.1
1772,483,6,5,444.9
1773,483,12,4,101.23
1774,483,13,4,10.39
1775,483,3,2,200.2
1776,484,38,1,52.22
1777,484,34,4,64.57
1778,484,12,4,101.23
1779,484,2,3,484.1
1780,485,44,4,145.3
1781,486,10,5,63.74
1782,487,30,2,69.44
1783,487,50,4,207.18
1784,487,27,3,176.77
1785,487,45,3,57.86
1786,487,15,1,77.21
1787,488,25,5,210.98
1788,488,34,4,64.57
1789,488,45,3,57.86
1790,488,41,4,17.26
1791,488,3,1,200.2
1792,489,47,3,55.02
1793,489,24,5,271.7
1794,489,2,5,484.1
1795,490,45,4,57.86
1796,490,5,2,1126.5
1797,491,24,2,271.7
1798,491,16,1,227.4
1799,492,44,3,145.3
1800,492,8,1,32.4
1801,493,42,5,15.62
1802,493,25,1,210.98
1803,493,7,4,355.41
1804,493,10,4,63.74
1805,493,21,5,239.27
1806,493,14,5,24.39
1807,494,22,5,140.34
1808,495,29,5,14.06
1809,495,5,2,1126.5
1810,496,27,5,176.77
1811,496,36,3,13.76
1812,496,41,5,17.26
1813,496,23,4,106.31
1814,496,34,4,64.57
1815,497,14,3,24.39
1816,497,25,3,210.98
1817,497,32,4,15.99
1818,497,23,2,106.31
1819,498,50,5,207.18
1820,498,24,3,271.7
1821,498,44,5,145.3
1822,498,18,3,43.97
1823,498,3,5,200.2
1824,498,32,2,15.99
1825,499,25,3,210.98
1826,499,16,2,227.4
1827,499,39,2,15.98
1828,499,2,5,484.1
1829,499,28,5,292.67
1830,499,20,3,28.87
1831,500,37,5,10.95
1832,500,25,5,210.98
1833,500,44,4,145.3
1834,500,23,5,106.31
